,,,,,,,,
"
",,,,,,,,
,,,,,,,,
"
",,,,,,,,
		,,,,,,,,
LOBBY,,,,,,,,
" ",,,,,,,,
"
",,,,,,,,
		,,,,,,,,
UPCOMING,,,,,,,,
" ",,,,,,,,
"
",,,,,,,,
		,,,,,,,,
LIVE,,,,,,,,
" ",,,,,,,,
"
",,,,,,,,
		,,,,,,,,
HISTORY,,,,,,,,
" ",,,,,,,,
"
",,,,,,,,
		,,,,,,,,
"
",,,,,,,,
		,,,,,,,,
"
",,,,,,,,
Help ,,,,,,,,
↓,,,,,,,,
"
",,,,,,,,
 chrisatumd,,,,,,,,
↓,,,,,,,,
"
",,,,,,,,
$357.08,,,,,,,,
"
",,,,,,,,
Add Funds,,,,,,,,
"
",,,,,,,,
"
",,,,,,,,
NFL Salary Cap 60k Thu Dec 11th,,,,,,,,
"
",,,,,,,,
Contest starts this Thursday 8:25pm,,,,,,,,
 ,,,,,,,,
49,,,,,,,,
:,,,,,,,,
33,,,,,,,,
:,,,,,,,,
35,,,,,,,,
"
",,,,,,,,
		,,,,,,,,
Entries: ,,,,,,,,
86,,,,,,,,
 / 250,,,,,,,,
"
",,,,,,,,
		,,,,,,,,
Entry fee: $5,,,,,,,,
"
",,,,,,,,
		,,,,,,,,
Prizes: ,,,,,,,,
"$1,125",,,,,,,,
"
",,,,,,,,
		,,,,,,,,
"
",,,,,,,,
		,,,,,,,,
Rules & Scoring,,,,,,,,
"
",,,,,,,,
Instructions:,,,,,,,,
" Select a team of players by adding them from the Players box. Your team's combined salaries must not exceed the salary cap. Then Enter your team. You can come back to edit your team any time before the game start time.
",,,,,,,,
✗,,,,,,,,
"
",,,,,,,,
ALL,,,,,,,,
" 
",,,,,,,,
ARI,,,,,,,,
"
",,,,,,,,
"@ STL
",,,,,,,,
8:25PM,,,,,,,,
"
",,,,,,,,
" 
",,,,,,,,
PIT,,,,,,,,
"
",,,,,,,,
"@ ATL
",,,,,,,,
SUN 1PM,,,,,,,,
"
",,,,,,,,
" 
",,,,,,,,
JAC,,,,,,,,
"
",,,,,,,,
"@ BAL
",,,,,,,,
SUN 1PM,,,,,,,,
"
",,,,,,,,
" 
",,,,,,,,
GB,,,,,,,,
"
",,,,,,,,
"@ BUF
",,,,,,,,
SUN 1PM,,,,,,,,
"
",,,,,,,,
" 
",,,,,,,,
TB,,,,,,,,
"
",,,,,,,,
"@ CAR
",,,,,,,,
SUN 1PM,,,,,,,,
"
",,,,,,,,
" 
",,,,,,,,
CIN,,,,,,,,
"
",,,,,,,,
"@ CLE
",,,,,,,,
SUN 1PM,,,,,,,,
"
",,,,,,,,
" 
",,,,,,,,
HOU,,,,,,,,
"
",,,,,,,,
"@ IND
",,,,,,,,
SUN 1PM,,,,,,,,
"
",,,,,,,,
" 
",,,,,,,,
OAK,,,,,,,,
"
",,,,,,,,
"@ KC
",,,,,,,,
SUN 1PM,,,,,,,,
"
",,,,,,,,
" 
",,,,,,,,
MIA,,,,,,,,
"
",,,,,,,,
"@ NE
",,,,,,,,
SUN 1PM,,,,,,,,
"
",,,,,,,,
" 
",,,,,,,,
WAS,,,,,,,,
"
",,,,,,,,
"@ NYG
",,,,,,,,
SUN 1PM,,,,,,,,
"
",,,,,,,,
" 
",,,,,,,,
DEN,,,,,,,,
"
",,,,,,,,
"@ SD
",,,,,,,,
SUN 4:05PM,,,,,,,,
"
",,,,,,,,
" 
",,,,,,,,
NYJ,,,,,,,,
"
",,,,,,,,
"@ TEN
",,,,,,,,
SUN 4:05PM,,,,,,,,
"
",,,,,,,,
" 
",,,,,,,,
MIN,,,,,,,,
"
",,,,,,,,
"@ DET
",,,,,,,,
SUN 4:25PM,,,,,,,,
"
",,,,,,,,
" 
",,,,,,,,
SF,,,,,,,,
"
",,,,,,,,
"@ SEA
",,,,,,,,
SUN 4:25PM,,,,,,,,
"
",,,,,,,,
" 
",,,,,,,,
DAL,,,,,,,,
"
",,,,,,,,
"@ PHI
",,,,,,,,
SUN 8:30PM,,,,,,,,
"
",,,,,,,,
" 
",,,,,,,,
NO,,,,,,,,
"
",,,,,,,,
"@ CHI
",,,,,,,,
MON 8:30PM,,,,,,,,
"
",,,,,,,,
Available Players,,,,,,,,
"
",,,,,,,,
	•	,,,,,,,,
All,,,,,,,,
" ",,,,,,,,
"
",,,,,,,,
	•	,,,,,,,,
QB,,,,,,,,
" ",,,,,,,,
"
",,,,,,,,
	•	,,,,,,,,
RB,,,,,,,,
" ",,,,,,,,
"
",,,,,,,,
	•	,,,,,,,,
WR,,,,,,,,
" ",,,,,,,,
"
",,,,,,,,
	•	,,,,,,,,
TE,,,,,,,,
" ",,,,,,,,
"
",,,,,,,,
	•	,,,,,,,,
K,,,,,,,,
" ",,,,,,,,
"
",,,,,,,,
	•	,,,,,,,,
D,,,,,,,,
" ",,,,,,,,
"
",,,,,,,,
	•	,,,,,,,,
"
",,,,,,,,
Name,FPPG,Played,Game, Salary,,,,
QB,Aaron Rodgers,23.8,13,GB@BUF,"$10,200",,,
QB,Andrew Luck,25.7,13,HOU@IND,"$10,100",,,
QB,Peyton Manning,22,13,DEN@SD,"$9,700",,,
QB,Tom Brady,19.3,13,MIA@NE,"$9,600",,,
RB,Le'Veon Bell,21.2,13,PIT@ATL,"$9,600",,,
WR,Calvin Johnso,15.3,10,MIN@DET,"$9,400",,,
RB,DeMarco Murray,20.8,13,DAL@PHI,"$9,300",,,
QB,Drew Brees,20.6,13,NO@CHI,"$9,200",,,
RB,Jamaal Charle,17.4,12,OAK@KC,"$9,200",,,
WR,Antonio Brown,20,13,PIT@ATL,"$9,100",,,
WR,A.J. Green,15.3,10,CIN@CLE,"$9,000",,,
WR,Demaryius Thoma,18,13,DEN@SD,"$9,000",,,
RB,Matt Forte,19.6,13,NO@CHI,"$9,000",,,
WR,Jordy Nelson,18.3,13,GB@BUF,"$8,900",,,
RB,Arian Foste,21.5,10,HOU@IND,"$8,900",,,
WR,T.Y. Hilton,16.2,13,HOU@IND,"$8,800",,,
QB,Russell Wilson,21.3,13,SF@SEA,"$8,800",,,
WR,Julio Jone,17.2,13,PIT@ATL,"$8,700",,,
QB,Ben Roethlisberger,20.4,13,PIT@ATL,"$8,700",,,
RB,Marshawn Lynch,17.6,13,SF@SEA,"$8,700",,,
WR,Emmanuel Sanders,16.3,13,DEN@SD,"$8,600",,,
QB,Jay Cutler,18.5,13,NO@CHI,"$8,600",,,
QB,Matthew Stafford,17.1,13,MIN@DET,"$8,500",,,
WR,Dez Bryant,15.4,13,DAL@PHI,"$8,500",,,
WR,Odell Beckham Jr.,16.9,9,WAS@NYG,"$8,500",,,
WR,Alshon Jeffery,14.1,13,NO@CHI,"$8,400",,,
WR,Randall Cobb,14.9,13,GB@BUF,"$8,400",,,
QB,Tony Rom,17.4,12,DAL@PHI,"$8,400",,,
RB,Eddie Lac,15.8,13,GB@BUF,"$8,400",,,
QB,Andy Dalton,15.7,13,CIN@CLE,"$8,200",,,
WR,Mike Evans,15.2,12,TB@CAR,"$8,200",,,
QB,Philip Rivers,18.2,13,DEN@SD,"$8,200",,,
QB,Cam Newto,18,12,TB@CAR,"$8,100",,,
QB,Joe Flacco,17.5,13,JAC@BAL,"$8,100",,,
RB,LeSean McCoy,11.3,13,DAL@PHI,"$8,100",,,
RB,C.J. Anderso,10.9,12,DEN@SD,"$8,000",,,
WR,Jeremy Maclin,16,13,DAL@PHI,"$8,000",,,
QB,Ryan Tannehill,17.7,13,MIA@NE,"$8,000",,,
QB,Matt Ryan,19,13,PIT@ATL,"$7,900",,,
WR,Josh Gordon,12.8,3,CIN@CLE,"$7,800",,,
RB,Justin Forsett,15.4,13,JAC@BAL,"$7,700",,,
WR,I,11.4,13,NO@CHI,"$7,600",,,
TE,Rob Gronkowski,15.1,13,MIA@NE,"$7,600",,,
QB,Kyle Orton,16.4,9,GB@BUF,"$7,600",,,
WR,Kelvin Benjamin,12.8,13,TB@CAR,"$7,600",,,
RB,Ryan Mathews,10.4,6,DEN@SD,"$7,600",,,
QB,Mark Sanchez,16.6,6,DAL@PHI,"$7,500",,,
QB,Eli Manning,16.5,13,WAS@NYG,"$7,500",,,
RB,Joique Bell,12.3,12,MIN@DET,"$7,500",,,
WR,Golden Tate,13.9,13,MIN@DET,"$7,500",,,
QB,Teddy Bridgewater,13.8,10,MIN@DET,"$7,400",,,
RB,Mark Ingram,13.9,10,NO@CHI,"$7,400",,,
WR,Keenan Allen,10.3,13,DEN@SD,"$7,400",,,
WR,DeAndre Hopkins,13.5,13,HOU@IND,"$7,300",,,
WR,DeSean Jackso,12.3,12,WAS@NYG,"$7,300",,,
QB,Alex Smith,14.7,13,OAK@KC,"$7,200",,,
WR,Sammy Watkins,10.7,13,GB@BUF,"$7,200",,,
RB,Rashad Jennings,12.9,9,WAS@NYG,"$7,200",,,
QB,Josh McCow,14.3,8,TB@CAR,"$7,100",,,
RB,Jeremy Hill,10.7,13,CIN@CLE,"$7,100",,,
RB,I,12.9,12,ARI@STL,"$7,000",,,
WR,Julian Edelma,12.6,13,MIA@NE,"$7,000",,,
QB,Drew Stanto,11.6,8,ARI@STL,"$7,000",,,
WR,Roddy Whit,12.4,11,PIT@ATL,"$7,000",,,
WR,Brandon LaFell,11.1,13,MIA@NE,"$7,000",,,
QB,Ryan Fitzpatrick,16.8,11,HOU@IND,"$7,000",,,
WR,Jordan Matthews,10.8,13,DAL@PHI,"$7,000",,,
RB,Alfred Morris,11.8,13,WAS@NYG,"$7,000",,,
TE,Jimmy Graham,12,13,NO@CHI,"$6,900",,,
QB,Derek Carr,13,13,OAK@KC,"$6,900",,,
RB,Andre Williams,8.1,13,WAS@NYG,"$6,900",,,
QB,Shaun Hill,10.2,6,ARI@STL,"$6,900",,,
WR,Vincent Jackson,9.7,13,TB@CAR,"$6,900",,,
WR,Anquan Boldin,11.5,13,SF@SEA,"$6,900",,,
RB,Giovani Bernard,12.2,10,CIN@CLE,"$6,900",,,
WR,Jarvis Landry,8.6,13,MIA@NE,"$6,900",,,
RB,Tre Mason,11.6,9,ARI@STL,"$6,800",,,
WR,Steve Smith,11.8,13,JAC@BAL,"$6,800",,,
WR,Martavis Bryant,14,7,PIT@ATL,"$6,800",,,
WR,Percy Harvi,8.8,11,NYJ@TEN,"$6,800",,,
QB,Colin Kaepernick,15.4,13,SF@SEA,"$6,800",,,
RB,Jonathan Stewart,9.9,10,TB@CAR,"$6,700",,,
QB,Johnny Manziel,3.3,3,CIN@CLE,"$6,700",,,
TE,Greg Olsen,12,13,TB@CAR,"$6,700",,,
QB,Jake Locker,11.3,6,NYJ@TEN,"$6,700",,,
RB,Lamar Miller,11.6,13,MIA@NE,"$6,700",,,
WR,Mike Wallace,10.8,13,MIA@NE,"$6,700",,,
WR,Charles Johnson,6.5,9,MIN@DET,"$6,600",,,
QB,Robert Griffin III,7.8,6,WAS@NYG,"$6,600",,,
RB,Steven Jackson,9.4,13,PIT@ATL,"$6,600",,,
WR,Torrey Smit,9.8,13,JAC@BAL,"$6,600",,,
RB,Fred Jackson,11.2,11,GB@BUF,"$6,600",,,
QB,Geno Smith,10.2,11,NYJ@TEN,"$6,600",,,
WR,John Brown,8.1,13,ARI@STL,"$6,600",,,
QB,Colt McCo,15.5,4,WAS@NYG,"$6,600",,,
QB,Michael Vick,5.1,9,NYJ@TEN,"$6,500",,,
RB,Isaiah Crowell,8.2,13,CIN@CLE,"$6,500",,,
RB,LeGarrette Blount,5.5,14,MIA@NE,"$6,500",,,
WR,Michael Floyd,7.6,13,ARI@STL,"$6,500",,,
WR,Nate Washington,6.2,13,NYJ@TEN,"$6,500",,,
RB,Latavius Murray,3.7,12,OAK@KC,"$6,500",,,
QB,Blake Bortles,13.7,11,JAC@BAL,"$6,400",,,
QB,Brian Hoyer,12.3,13,CIN@CLE,"$6,400",,,
QB,Charlie Whitehurst,13.4,4,NYJ@TEN,"$6,400",,,
WR,Kendall Wrigh,10.1,12,NYJ@TEN,"$6,400",,,
WR,Michael Crabtree,9.1,13,SF@SEA,"$6,400",,,
WR,Andre Johnso,8.8,13,HOU@IND,"$6,400",,,
RB,Dan Herron,3.3,13,HOU@IND,"$6,300",,,
WR,Larry Fitzgeral,9.5,11,ARI@STL,"$6,300",,,
TE,Julius Thoma,13.5,10,DEN@SD,"$6,300",,,
WR,Mohamed Sanu,11.2,13,CIN@CLE,"$6,300",,,
TE,Coby Fleener,9.3,13,HOU@IND,"$6,300",,,
WR,Doug Baldwin,8.2,13,SF@SEA,"$6,300",,,
QB,Zach Mettenberge,11.1,7,NYJ@TEN,"$6,200",,,
WR,Greg Jennings,8.4,13,MIN@DET,"$6,200",,,
WR,Reggie Wayne,8.6,12,HOU@IND,"$6,200",,,
TE,Martellus Bennett,12.2,13,NO@CHI,"$6,200",,,
WR,Marques Colston,8.4,13,NO@CHI,"$6,100",,,
WR,Kenny Stills,9.4,12,NO@CHI,"$6,100",,,
WR,Stedman Bailey,5.9,11,ARI@STL,"$6,000",,,
WR,Pierre Garcon,8.2,13,WAS@NYG,"$6,000",,,
WR,Eric Decker,9.5,12,NYJ@TEN,"$6,000",,,
QB,Austin Davis,11.7,10,ARI@STL,"$6,000",,,
RB,Denard Robinson,7.9,13,JAC@BAL,"$6,000",,,
WR,Kenny Brit,6.8,13,ARI@STL,"$6,000",,,
WR,Eddie Royal,8.8,13,DEN@SD,"$5,900",,,
WR,Chris Hogan,5.8,13,GB@BUF,"$5,900",,,
WR,Davante Adams,6,13,GB@BUF,"$5,900",,,
RB,Matt Asiata,9.9,12,MIN@DET,"$5,800",,,
WR,Robert Woods,7.9,13,GB@BUF,"$5,800",,,
WR,Rueben Randle,7.9,13,WAS@NYG,"$5,800",,,
WR,Andrew Hawkins,9.7,12,CIN@CLE,"$5,800",,,
WR,Marqise Lee,5.4,10,JAC@BAL,"$5,800",,,
WR,Harry Douglas,7.2,9,PIT@ATL,"$5,800",,,
WR,Tavon Austin,5.8,12,ARI@STL,"$5,800",,,
RB,Pierre Thomas,9.5,9,NO@CHI,"$5,700",,,
RB,Shane Vereen,9.5,13,MIA@NE,"$5,700",,,
RB,Reggie Bus,7.6,8,MIN@DET,"$5,700",,,
WR,Cole Beasley,4.3,13,DAL@PHI,"$5,700",,,
WR,Donte Moncrief,5.8,13,HOU@IND,"$5,700",,,
WR,Wes Welker,6.6,11,DEN@SD,"$5,700",,,
WR,Jarius Wright,5.7,13,MIN@DET,"$5,600",,,
WR,Malcom Floyd,9.6,13,DEN@SD,"$5,600",,,
RB,Marcel Reece,4.1,12,OAK@KC,"$5,600",,,
WR,Allen Hurns,8.7,13,JAC@BAL,"$5,600",,,
TE,Mychal Rivera,7.1,13,OAK@KC,"$5,600",,,
D,St Louis Rams,0,0,ARI@STL,"$5,500",,,
WR,Andre Holmes,7.4,13,OAK@KC,"$5,500",,,
RB,Ronnie Hillma,12.2,7,DEN@SD,"$5,500",,,
WR,Jaron Brown,3.4,13,ARI@STL,"$5,500",,,
WR,Louis Murphy,6.6,10,TB@CAR,"$5,500",,,
WR,I,7.7,12,CIN@CLE,"$5,500",,,
TE,Antonio Gates,10.8,13,DEN@SD,"$5,500",,,
D,Seattle Seahawks,0,0,SF@SEA,"$5,500",,,
WR,Dwayne Bowe,7.1,12,OAK@KC,"$5,400",,,
TE,Travis Kelce,8.8,13,OAK@KC,"$5,400",,,
TE,Dwayne Allen,8.5,11,HOU@IND,"$5,400",,,
WR,Kamar Aiken,3.7,13,JAC@BAL,"$5,400",,,
D,Detroit Lions,0,0,MIN@DET,"$5,400",,,
K,Matt Prater,9.5,8,MIN@DET,"$5,400",,,
TE,Heath Miller,7.9,13,PIT@ATL,"$5,400",,,
K,Stephen Gostkowski,11.1,13,MIA@NE,"$5,400",,,
RB,Alfred Blue,5.4,13,HOU@IND,"$5,400",,,
K,Adam Vinatieri,10.6,13,HOU@IND,"$5,400",,,
RB,Frank Gore,8.2,13,SF@SEA,"$5,300",,,
TE,Delanie Walker,9.8,12,NYJ@TEN,"$5,300",,,
K,Cody Parkey,10.4,13,DAL@PHI,"$5,300",,,
WR,Travis Benjamin,4.4,13,CIN@CLE,"$5,300",,,
WR,Markus Wheaton,6.8,13,PIT@ATL,"$5,300",,,
RB,Foswhitt Whittaker,4.2,7,TB@CAR,"$5,300",,,
WR,Cecil Shorts,6.6,10,JAC@BAL,"$5,300",,,
RB,Chris Johnson,7.1,13,NYJ@TEN,"$5,300",,,
D,Baltimore Ravens,0,0,JAC@BAL,"$5,300",,,
RB,Kerwynn Williams,5,2,ARI@STL,"$5,300",,,
TE,Jason Witten,7.4,13,DAL@PHI,"$5,300",,,
RB,James Starks,4.4,13,GB@BUF,"$5,300",,,
RB,Trent Richardson,7.9,12,HOU@IND,"$5,300",,,
TE,Jermaine Gresham,6.2,13,CIN@CLE,"$5,300",,,
RB,Doug Martin,6.4,8,TB@CAR,"$5,300",,,
RB,Knile Davis,6.8,13,OAK@KC,"$5,300",,,
RB,Jonas Gray,9.8,6,MIA@NE,"$5,300",,,
WR,Corey (Philly) Brow,5.2,10,TB@CAR,"$5,300",,,
RB,Darren Sproles,9.6,12,DAL@PHI,"$5,300",,,
WR,Preston Parker,4.6,13,WAS@NYG,"$5,200",,,
WR,Steve Johnson,6.1,13,SF@SEA,"$5,200",,,
K,Shaun Suisham,9.1,13,PIT@ATL,"$5,200",,,
TE,Larry Donnell,8.5,13,WAS@NYG,"$5,200",,,
K,Steven Hauschka,9.8,13,SF@SEA,"$5,200",,,
RB,Joseph Randle,2.7,13,DAL@PHI,"$5,200",,,
TE,Scott Chandler,5.7,13,GB@BUF,"$5,200",,,
RB,DeAngelo William,4.5,6,TB@CAR,"$5,200",,,
RB,Christopher Ivory,9.1,13,NYJ@TEN,"$5,200",,,
D,Green Bay Packers,0,0,GB@BUF,"$5,200",,,
RB,Terrance West,7.3,12,CIN@CLE,"$5,200",,,
RB,Juwan Thompson,3.7,13,DEN@SD,"$5,200",,,
D,Houston Texans,0,0,HOU@IND,"$5,200",,,
D,Arizona Cardinals,0,0,ARI@STL,"$5,200",,,
D,Philadelphia Eagles,0,0,DAL@PHI,"$5,200",,,
WR,James Jones,8.6,13,OAK@KC,"$5,200",,,
D,Indianapolis Colts,0,0,HOU@IND,"$5,200",,,
D,New York Giants,0,0,WAS@NYG,"$5,200",,,
TE,Jared Cook,7.1,13,ARI@STL,"$5,200",,,
RB,Storm Johnson,6.2,3,JAC@BAL,"$5,200",,,
WR,I,6.8,12,NYJ@TEN,"$5,200",,,
WR,Brian Hartline,5.2,13,MIA@NE,"$5,200",,,
TE,Jordan Reed,7,8,WAS@NYG,"$5,200",,,
RB,Stepfan Taylor,4.2,11,ARI@STL,"$5,200",,,
K,Randy Bullock,9,13,HOU@IND,"$5,200",,,
WR,Derek Hagan,2.5,13,NYJ@TEN,"$5,200",,,
RB,Bernard Pierce,4.5,10,JAC@BAL,"$5,200",,,
RB,Bryce Brown,5,6,GB@BUF,"$5,200",,,
TE,Kyle Rudolph,5.2,7,MIN@DET,"$5,100",,,
WR,Taylor Gabriel,6,13,CIN@CLE,"$5,100",,,
RB,Bishop Sankey,6,13,NYJ@TEN,"$5,100",,,
RB,Silas Redd,1.7,12,WAS@NYG,"$5,100",,,
RB,Mike Tolbert,3.9,5,TB@CAR,"$5,100",,,
RB,Charles Sims,4.6,5,TB@CAR,"$5,100",,,
TE,Zach Ertz,6.5,13,DAL@PHI,"$5,100",,,
K,Dan Bailey,9.2,13,DAL@PHI,"$5,100",,,
D,Minnesota Vikings,0,0,MIN@DET,"$5,100",,,
TE,Owen Daniels,6.6,12,JAC@BAL,"$5,100",,,
TE,Charles Cla,6.5,11,MIA@NE,"$5,100",,,
RB,Theo Riddick,5.8,11,MIN@DET,"$5,100",,,
TE,Jordan Cameron,6.2,7,CIN@CLE,"$5,100",,,
RB,Ben Tate,7.1,10,MIN@DET,"$5,100",,,
RB,Bobby Raine,7.9,12,TB@CAR,"$5,100",,,
QB,E.J. Manuel,12.3,5,GB@BUF,"$5,000",,,
WR,Albert Wilson,1.6,9,OAK@KC,"$5,000",,,
QB,Tajh Boyd,0,0,NYJ@TEN,"$5,000",,,
QB,Kirk Cousins,16.2,6,WAS@NYG,"$5,000",,,
QB,Matt Barkley,0,2,DAL@PHI,"$5,000",,,
RB,Lorenzo Taliaferr,5.1,13,JAC@BAL,"$5,000",,,
QB,Dustin Vaughan,0,0,DAL@PHI,"$5,000",,,
RB,Montee Bal,6.4,5,DEN@SD,"$5,000",,,
QB,Blaine Gabbert,6,1,SF@SEA,"$5,000",,,
QB,Jimmy Garoppolo,1.7,4,MIA@NE,"$5,000",,,
QB,Mike Glennon,15.9,6,TB@CAR,"$5,000",,,
QB,Christian Ponder,6.7,2,MIN@DET,"$5,000",,,
QB,Matt McGloin,7.5,1,OAK@KC,"$5,000",,,
QB,Case Keenum,0,0,ARI@STL,"$5,000",,,
QB,Landry Jones,0,0,PIT@ATL,"$5,000",,,
QB,Logan Thomas,7.2,1,ARI@STL,"$5,000",,,
QB,Aaron Murray,0,0,OAK@KC,"$5,000",,,
QB,Kellen Moore,0,0,MIN@DET,"$5,000",,,
QB,Matt Simms,1.8,1,NYJ@TEN,"$5,000",,,
WR,Rishard Matthews,2.2,13,MIA@NE,"$5,000",,,
QB,Brock Osweiler,0.4,2,DEN@SD,"$5,000",,,
RB,Chris Polk,2.5,11,DAL@PHI,"$5,000",,,
QB,Brandon Weeden,5.1,3,DAL@PHI,"$5,000",,,
TE,Gavin Escobar,3,13,DAL@PHI,"$5,000",,,
QB,Scott Tolzien,0,0,GB@BUF,"$5,000",,,
K,Justin Tucker,9.5,13,JAC@BAL,"$5,000",,,
RB,Benny Cunningham,6.9,13,ARI@STL,"$5,000",,,
QB,I,7.3,3,HOU@IND,"$5,000",,,
RB,Roy Hel,7.4,13,WAS@NYG,"$5,000",,,
QB,Sean Renfree,0,0,PIT@ATL,"$5,000",,,
QB,Tyrod Taylor,-0.1,1,JAC@BAL,"$5,000",,,
QB,Derek Anderson,6.8,5,TB@CAR,"$5,000",,,
QB,Ryan Nassib,0.5,4,WAS@NYG,"$5,000",,,
QB,Tom Savage,-0.2,1,HOU@IND,"$5,000",,,
QB,T.J. Yates,1.6,1,PIT@ATL,"$5,000",,,
QB,Dan Orlovsky,0,0,MIN@DET,"$5,000",,,
QB,Luke McCown,0,13,NO@CHI,"$5,000",,,
QB,Josh Johnson,0,0,SF@SEA,"$5,000",,,
QB,Kellen Clemens,3.4,2,DEN@SD,"$5,000",,,
QB,Chase Daniel,18.1,1,OAK@KC,"$5,000",,,
QB,Jimmy Clausen,0.6,3,NO@CHI,"$5,000",,,
QB,Joe Webb,5.4,5,TB@CAR,"$5,000",,,
RB,Anthony Dixon,3.8,13,GB@BUF,"$5,000",,,
WR,Riley Cooper,5.7,13,DAL@PHI,"$5,000",,,
QB,Chad Henne,10.4,3,JAC@BAL,"$5,000",,,
QB,Bruce Gradkowski,2.4,1,PIT@ATL,"$5,000",,,
QB,Matt Moore,0.3,2,MIA@NE,"$5,000",,,
TE,Anthony Fasano,4.8,12,OAK@KC,"$5,000",,,
QB,Matt Schaub,0.1,8,OAK@KC,"$5,000",,,
WR,Jason Avant,3.8,13,OAK@KC,"$5,000",,,
QB,Tarvaris Jackson,16.1,1,SF@SEA,"$5,000",,,
QB,Matt Hasselbeck,0.3,2,HOU@IND,"$5,000",,,
QB,Matt Flynn,-0.3,5,GB@BUF,"$5,000",,,
K,Mason Crosby,9.7,13,GB@BUF,"$5,000",,,
QB,Jason Campbell,0.3,4,CIN@CLE,"$5,000",,,
K,Nick Novak,7.8,13,DEN@SD,"$5,000",,,
TE,Benjamin Watson,2.4,13,NO@CHI,"$5,000",,,
D,New England Patriots,0,0,MIA@NE,"$5,000",,,
RB,Chris Ogbonnaya,2.2,5,WAS@NYG,"$4,900",,,
K,Graham Gano,7.8,13,TB@CAR,"$4,900",,,
TE,Cory Harke,1.1,13,ARI@STL,"$4,900",,,
RB,Brandon Bolden,0.9,13,MIA@NE,"$4,900",,,
TE,Brandon Bostick,0.7,10,GB@BUF,"$4,900",,,
WR,Nick Toon,4.2,5,NO@CHI,"$4,900",,,
WR,Andre Roberts,4.9,13,WAS@NYG,"$4,900",,,
RB,Khiry Robinson,7.5,6,NO@CHI,"$4,900",,,
D,Kansas City Chiefs,0,0,OAK@KC,"$4,900",,,
K,Nick Folk,8.1,13,NYJ@TEN,"$4,900",,,
TE,Tony Moeaki,5.2,4,SF@SEA,"$4,900",,,
RB,Daniel Thomas,3.7,10,MIA@NE,"$4,900",,,
RB,Frank Summers,1.1,10,GB@BUF,"$4,900",,,
D,San Francisco 49ers,0,0,SF@SEA,"$4,900",,,
TE,Levine Toilolo,3.3,13,PIT@ATL,"$4,900",,,
D,New York Jets,0,0,NYJ@TEN,"$4,900",,,
RB,Carlos Hyde,4.8,13,SF@SEA,"$4,900",,,
K,Caleb Sturgis,9.2,13,MIA@NE,"$4,900",,,
WR,Cordarrelle Patterson,5.5,13,MIN@DET,"$4,900",,,
TE,Eric Ebron,3.7,10,MIN@DET,"$4,900",,,
RB,Michael Bush,0,0,ARI@STL,"$4,900",,,
RB,Darren McFadden,7.1,13,OAK@KC,"$4,900",,,
K,Dan Carpenter,9.4,13,GB@BUF,"$4,900",,,
TE,Richard Rodgers,2.7,13,GB@BUF,"$4,900",,,
TE,Marcedes Lewis,6.2,5,JAC@BAL,"$4,900",,,
RB,Jacquizz Rodgers,4,13,PIT@ATL,"$4,900",,,
K,Josh Brown,7,13,WAS@NYG,"$4,900",,,
K,Phil Dawson,8.4,13,SF@SEA,"$4,800",,,
RB,Darrin Reaves,2.2,6,TB@CAR,"$4,800",,,
TE,Garrett Graha,3.2,11,HOU@IND,"$4,800",,,
WR,Jerricho Cotchery,5.5,12,TB@CAR,"$4,800",,,
K,Chandler Catanzaro,7.8,13,ARI@STL,"$4,800",,,
WR,Brandon Gibson,3.2,11,MIA@NE,"$4,800",,,
RB,Devonta Freeman,3.9,13,PIT@ATL,"$4,800",,,
WR,Ted Ginn Jr.,2.4,13,ARI@STL,"$4,800",,,
RB,Tauren Poole,-2,1,NO@CHI,"$4,800",,,
D,Carolina Panthers,0,0,TB@CAR,"$4,800",,,
K,Patrick Murray,6.8,13,TB@CAR,"$4,800",,,
K,Blair Walsh,8.1,13,MIN@DET,"$4,800",,,
RB,Darrel Young,2.3,13,WAS@NYG,"$4,800",,,
RB,Maurice Jones-Drew,2,11,OAK@KC,"$4,800",,,
K,Matt Bryant,9.5,13,PIT@ATL,"$4,800",,,
K,Greg Zuerlein,7.2,13,ARI@STL,"$4,800",,,
WR,Damaris Johnson,3.4,13,HOU@IND,"$4,800",,,
RB,Dexter McCluster,3.6,13,NYJ@TEN,"$4,800",,,
D,Buffalo Bills,0,0,GB@BUF,"$4,800",,,
RB,Lance Dunbar,2.7,13,DAL@PHI,"$4,800",,,
TE,Rhett Ellison,2.1,13,MIN@DET,"$4,800",,,
RB,Zac Stacy,4.7,11,ARI@STL,"$4,800",,,
TE,Andrew Quarless,4.7,13,GB@BUF,"$4,800",,,
D,Denver Broncos,0,0,DEN@SD,"$4,800",,,
D,Tampa Bay Buccaneers,0,0,TB@CAR,"$4,800",,,
K,Shayne Graham,7.4,13,NO@CHI,"$4,800",,,
D,Cleveland Browns,0,0,CIN@CLE,"$4,800",,,
TE,Joseph Fauria,2.6,7,MIN@DET,"$4,800",,,
D,Cincinnati Bengals,0,0,CIN@CLE,"$4,800",,,
TE,Vernon Davis,4.4,11,SF@SEA,"$4,800",,,
D,Pittsburgh Steelers,0,0,PIT@ATL,"$4,800",,,
TE,Tim Wright,5.5,13,MIA@NE,"$4,800",,,
RB,Marion Grice,1.9,7,ARI@STL,"$4,800",,,
RB,Branden Oliver,8.6,11,DEN@SD,"$4,800",,,
RB,Leon Washington,2.1,13,NYJ@TEN,"$4,700",,,
WR,Jermaine Kearse,5.3,13,SF@SEA,"$4,700",,,
TE,Rob Housler,1.1,12,ARI@STL,"$4,700",,,
RB,Christine Michael,2.3,7,SF@SEA,"$4,700",,,
TE,John Carlson,4.2,13,ARI@STL,"$4,700",,,
RB,De'Anthony Thomas,3.2,9,OAK@KC,"$4,700",,,
D,Tennessee Titans,0,0,NYJ@TEN,"$4,700",,,
D,Dallas Cowboys,0,0,DAL@PHI,"$4,700",,,
K,Connor Barth,12.5,2,DEN@SD,"$4,700",,,
RB,Donald Brown,4.3,10,DEN@SD,"$4,700",,,
WR,Lance Moore,3.7,11,PIT@ATL,"$4,700",,,
RB,Mike James,0.4,10,TB@CAR,"$4,700",,,
D,Miami Dolphins,0,0,MIA@NE,"$4,700",,,
RB,Jackie Battle,0.9,13,NYJ@TEN,"$4,700",,,
RB,Will Johnson,0.4,13,PIT@ATL,"$4,700",,,
RB,Bruce Miller,1.6,13,SF@SEA,"$4,700",,,
RB,Cedric Peerman,0.7,13,CIN@CLE,"$4,700",,,
K,Sebastian Janikowski,5.6,13,OAK@KC,"$4,700",,,
WR,Paul Richardson,1.7,12,SF@SEA,"$4,700",,,
K,Billy Cundiff,7.8,13,CIN@CLE,"$4,700",,,
K,Josh Scobee,5.2,13,JAC@BAL,"$4,600",,,
RB,Shonn Greene,3.2,10,NYJ@TEN,"$4,600",,,
RB,John Kuhn,1.2,13,GB@BUF,"$4,600",,,
WR,Jacoby Jones,1.3,13,JAC@BAL,"$4,600",,,
D,Oakland Raiders,0,0,OAK@KC,"$4,600",,,
D,San Diego Chargers,0,0,DEN@SD,"$4,600",,,
WR,Brandon Tate,2.2,13,CIN@CLE,"$4,600",,,
RB,Jonathan Grimes,1.5,13,HOU@IND,"$4,600",,,
RB,Travaris Cadet,4,13,NO@CHI,"$4,600",,,
WR,Brenton Bersin,2.1,12,TB@CAR,"$4,600",,,
TE,Ryan Griffin,1,13,HOU@IND,"$4,600",,,
RB,Ronnie Brown,1.1,7,DEN@SD,"$4,600",,,
TE,Ladarius Gree,2.7,12,DEN@SD,"$4,600",,,
K,Mike Nugent,7.2,13,CIN@CLE,"$4,600",,,
RB,Jerome Felton,0.6,13,MIN@DET,"$4,600",,,
RB,Robert Hughes,1.3,13,ARI@STL,"$4,600",,,
TE,Jacob Tamme,2,13,DEN@SD,"$4,600",,,
RB,Robert Turbin,4.1,13,SF@SEA,"$4,600",,,
RB,Toby Gerhart,4.6,11,JAC@BAL,"$4,600",,,
TE,Jim Dray,2.9,13,CIN@CLE,"$4,600",,,
RB,Patrick DiMarco,1.2,13,PIT@ATL,"$4,600",,,
RB,Jed Collins,1,13,MIN@DET,"$4,600",,,
WR,Adam Thielen,0.6,13,MIN@DET,"$4,500",,,
TE,Zach Sudfeld,0.3,13,NYJ@TEN,"$4,500",,,
TE,Jack Doyle,1.5,13,HOU@IND,"$4,500",,,
TE,Trey Burto,0.1,12,DAL@PHI,"$4,500",,,
TE,Josh Hill,3.1,13,NO@CHI,"$4,500",,,
WR,Marlon Brown,2.2,11,JAC@BAL,"$4,500",,,
TE,Ryan Otten,0,0,MIN@DET,"$4,500",,,
WR,Eric Weems,1.6,13,PIT@ATL,"$4,500",,,
WR,Da'Rick Rogers,0,0,HOU@IND,"$4,500",,,
TE,Brian Leonhard,1,12,OAK@KC,"$4,500",,,
D,Washington Redskins,0,0,WAS@NYG,"$4,500",,,
RB,James Develin,0.6,13,MIA@NE,"$4,500",,,
TE,Brandon Williams,0.6,11,TB@CAR,"$4,500",,,
TE,Cameron Brate,1.1,2,TB@CAR,"$4,500",,,
WR,Bruce Ellington,1.6,10,SF@SEA,"$4,500",,,
RB,Glenn Winston,0,5,CIN@CLE,"$4,500",,,
WR,Ace Sanders,1,9,JAC@BAL,"$4,500",,,
WR,Marquess Wilson,1.6,4,NO@CHI,"$4,500",,,
WR,Robert Herron,1.9,8,TB@CAR,"$4,500",,,
WR,Ike Ariguzo,0,0,GB@BUF,"$4,500",,,
TE,Matt Spaeth,1.1,13,PIT@ATL,"$4,500",,,
TE,Daniel Fells,3.4,13,WAS@NYG,"$4,500",,,
WR,Santana Moss,1.8,7,WAS@NYG,"$4,500",,,
WR,Josh Huf,1.4,9,DAL@PHI,"$4,500",,,
TE,David Johnson,0.1,11,DEN@SD,"$4,500",,,
RB,Antonio Andrews,0,2,NYJ@TEN,"$4,500",,,
WR,Douglas McNeil,0,0,DEN@SD,"$4,500",,,
WR,Isaiah Burse,-0.2,12,DEN@SD,"$4,500",,,
TE,Crockett Gillmor,1.2,12,JAC@BAL,"$4,500",,,
TE,John Phillips,0.5,13,DEN@SD,"$4,500",,,
WR,Frankie Hammond,0.4,13,OAK@KC,"$4,500",,,
WR,Solomon Patton,0.3,7,TB@CAR,"$4,500",,,
TE,Alex Bayer,0,6,ARI@STL,"$4,500",,,
RB,Ryan Hewitt,0.3,13,CIN@CLE,"$4,500",,,
WR,Josh Morgan,1.4,11,NO@CHI,"$4,500",,,
WR,Bernard Reedy,0,0,PIT@ATL,"$4,500",,,
RB,Dri Archer,0.7,10,PIT@ATL,"$4,500",,,
TE,Taylor Sloat,0,0,TB@CAR,"$4,500",,,
WR,Cobi Hamilton,0,0,CIN@CLE,"$4,500",,,
WR,Terrance Williams,7.6,13,DAL@PHI,"$4,500",,,
K,Cairo Santos,6.7,13,OAK@KC,"$4,500",,,
TE,Luke Willson,2.8,12,SF@SEA,"$4,500",,,
TE,I,0.3,8,SF@SEA,"$4,500",,,
RB,Trey Watts,0.6,11,ARI@STL,"$4,500",,,
TE,Nic Jacobs,0.9,10,JAC@BAL,"$4,500",,,
TE,Gator Hoskins,0.4,10,MIA@NE,"$4,500",,,
WR,James Wrigh,1.3,11,CIN@CLE,"$4,500",,,
K,Jay Feely,2,1,NO@CHI,"$4,500",,,
WR,Marquise Goodwin,0.7,8,GB@BUF,"$4,500",,,
WR,Ryan Grant,0.7,13,WAS@NYG,"$4,500",,,
WR,Walt Powell,-0.5,4,NYJ@TEN,"$4,500",,,
RB,George Winn,0.8,9,MIN@DET,"$4,500",,,
RB,Senorise Perry,0,13,NO@CHI,"$4,500",,,
WR,Kenbrell Thompkins,2.3,11,OAK@KC,"$4,500",,,
TE,Jace Amar,5.3,11,NYJ@TEN,"$4,500",,,
RB,George Atkinson III,0,2,OAK@KC,"$4,500",,,
D,Jacksonville Jaguars,0,0,JAC@BAL,"$4,500",,,
RB,Orleans Darkwa,0.6,8,WAS@NYG,"$4,500",,,
WR,Jeff Janis,0.9,3,GB@BUF,"$4,500",,,
RB,Ray Agnew,0.3,10,CIN@CLE,"$4,500",,,
WR,I,1.3,4,MIA@NE,"$4,500",,,
WR,Quinton Patton,2.6,1,SF@SEA,"$4,500",,,
WR,Brad Smith,0.2,10,DAL@PHI,"$4,500",,,
WR,Donnie Avery,3.9,6,OAK@KC,"$4,500",,,
TE,Darren Fells,0,7,ARI@STL,"$4,500",,,
RB,Kyle Juszczyk,2.4,13,JAC@BAL,"$4,500",,,
TE,Chris Grag,1.4,10,GB@BUF,"$4,500",,,
WR,Brice Butler,3.8,12,OAK@KC,"$4,500",,,
K,Ryan Succop,5.2,13,NYJ@TEN,"$4,500",,,
WR,Hakeem Nicks,4.2,13,HOU@IND,"$4,500",,,
WR,Robert Meachem,1.4,8,NO@CHI,"$4,500",,,
WR,Corey Washington,1.1,12,WAS@NYG,"$4,500",,,
TE,Brent Celek,3.1,13,DAL@PHI,"$4,500",,,
WR,Joshua Cribbs,2.9,3,HOU@IND,"$4,500",,,
TE,Gary Barnidg,1.8,12,CIN@CLE,"$4,500",,,
RB,Brian Leonard,20.2,1,NO@CHI,"$4,500",,,
WR,Russell Shepard,0.3,13,TB@CAR,"$4,500",,,
RB,Charcandrick West,0,4,OAK@KC,"$4,500",,,
WR,Andre Caldwell,0.6,13,DEN@SD,"$4,500",,,
RB,Jay Prosch,0.2,13,HOU@IND,"$4,500",,,
WR,Kevin Norwood,1.3,8,SF@SEA,"$4,500",,,
WR,Devin Street,0.2,13,DAL@PHI,"$4,500",,,
TE,Mickey Shuler,0,3,JAC@BAL,"$4,500",,,
RB,Erik Lorig,1.6,7,NO@CHI,"$4,500",,,
WR,Marc Mariani,1.8,3,NO@CHI,"$4,500",,,
WR,I,3.4,1,TB@CAR,"$4,500",,,
WR,Vincent Brown,2.5,6,OAK@KC,"$4,500",,,
WR,Leonard Hankerson,0.5,1,WAS@NYG,"$4,500",,,
TE,Michael Palmer,0.5,13,PIT@ATL,"$4,500",,,
WR,David Nelson,1.8,6,NYJ@TEN,"$4,500",,,
K,Kai Forbath,6.8,13,WAS@NYG,"$4,500",,,
WR,Jeff Maehl,0.9,8,DAL@PHI,"$4,500",,,
RB,Chase Reynolds,0,12,ARI@STL,"$4,500",,,
WR,Marlon Moore,1.1,10,CIN@CLE,"$4,500",,,
WR,Marcus Thigpen,0,6,GB@BUF,"$4,500",,,
TE,Austin Seferian-Jenkin,4.7,9,TB@CAR,"$4,500",,,
WR,Stephen Hill,0,0,TB@CAR,"$4,500",,,
WR,Ryan Broyles,0.7,5,MIN@DET,"$4,500",,,
WR,Chris Givens,1.3,11,ARI@STL,"$4,500",,,
WR,Damian Williams,0.6,3,ARI@STL,"$4,500",,,
TE,Ed Dickson,0.8,13,TB@CAR,"$4,500",,,
RB,Evan Rodriguez,0,0,TB@CAR,"$4,500",,,
TE,Adrien Robinson,1,13,WAS@NYG,"$4,500",,,
WR,Keshawn Martin,0.8,13,HOU@IND,"$4,500",,,
WR,I,2.7,9,GB@BUF,"$4,500",,,
WR,DeVier Posey,0,0,HOU@IND,"$4,500",,,
TE,Michael Hoomanawanui,0.5,13,MIA@NE,"$4,500",,,
RB,John Conner,0.2,9,NYJ@TEN,"$4,500",,,
RB,LaMichael James,0.2,2,MIA@NE,"$4,500",,,
WR,T.J. Graham,1.8,9,NYJ@TEN,"$4,500",,,
TE,Clay Harbor,4.8,10,JAC@BAL,"$4,500",,,
RB,Henry Hynoski,0.1,13,WAS@NYG,"$4,500",,,
RB,Shaun Draughn,0.3,7,CIN@CLE,"$4,500",,,
TE,Niles Paul,5.3,13,WAS@NYG,"$4,500",,,
WR,Jeremy Kerley,4.8,13,NYJ@TEN,"$4,500",,,
WR,Dwayne Harris,0.9,13,DAL@PHI,"$4,500",,,
D,Chicago Bears,0,0,NO@CHI,"$4,500",,,
WR,Aldrick Robinson,0.2,5,WAS@NYG,"$4,500",,,
RB,Jordan Todman,2.1,13,JAC@BAL,"$4,500",,,
TE,Lee Smith,0.9,11,GB@BUF,"$4,500",,,
RB,Dion Lewis,0,0,HOU@IND,"$4,500",,,
TE,Luke Stocker,0.6,10,TB@CAR,"$4,500",,,
WR,Kris Durham,4.5,1,NYJ@TEN,"$4,500",,,
RB,Bilal Powell,2.3,12,NYJ@TEN,"$4,500",,,
RB,Anthony Sherman,1.4,13,OAK@KC,"$4,500",,,
WR,Denarius Moore,1.6,10,OAK@KC,"$4,500",,,
TE,Virgil Green,0.5,10,DEN@SD,"$4,500",,,
TE,Ryan Taylor,0,11,CIN@CLE,"$4,500",,,
WR,Seyi Ajirotutu,0.2,13,DEN@SD,"$4,500",,,
WR,Bryan Walters,0.7,10,SF@SEA,"$4,500",,,
WR,Joseph Morgan,3.6,5,NO@CHI,"$4,500",,,
WR,Jeremy Ross,3.2,13,MIN@DET,"$4,500",,,
RB,Alfonso Smith,7.7,3,SF@SEA,"$4,500",,,
TE,Jeff Cumberland,2.3,13,NYJ@TEN,"$4,500",,,
TE,Logan Paulsen,1.2,13,WAS@NYG,"$4,500",,,
WR,Dane Sanzenbacher,1.3,8,CIN@CLE,"$4,500",,,
D,Atlanta Falcons,0,0,PIT@ATL,"$4,500",,,
WR,DeMarco Sampson,0,0,SF@SEA,"$4,500",,,
WR,Ricardo Lockette,2.7,13,SF@SEA,"$4,500",,,
RB,DuJuan Harris,0.6,13,GB@BUF,"$4,500",,,
WR,Dontrelle Inman,0,5,DEN@SD,"$4,500",,,
TE,James Hanna,0.3,13,DAL@PHI,"$4,500",,,
TE,Kevin Brock,0.4,11,CIN@CLE,"$4,500",,,
WR,Brandon Lloy,3.5,11,SF@SEA,"$4,500",,,
WR,Corey Fuller,2.5,13,MIN@DET,"$4,500",,,
WR,Kevin Ogletree,1.1,4,WAS@NYG,"$4,500",,,
TE,Chase Coffman,1.4,10,NYJ@TEN,"$4,500",,,
RB,Rex Burkhead,1.6,6,CIN@CLE,"$4,500",,,
WR,Quincy Enunwa,0,0,NYJ@TEN,"$4,500",,,
WR,Darrius Heyward-Bey,0.2,13,PIT@ATL,"$4,500",,,
TE,Brandon Myer,2.4,11,TB@CAR,"$4,500",,,
WR,Michael Campanar,5.8,3,JAC@BAL,"$4,500",,,
RB,Lonnie Pryor,0,0,TB@CAR,"$4,500",,,
RB,Josh Harris,0.5,2,PIT@ATL,"$4,500",,,
TE,Lance Kendricks,4.2,13,ARI@STL,"$4,500",,,
WR,I,2.9,10,NYJ@TEN,"$4,500",,,
WR,Justin Brown,1.7,8,PIT@ATL,"$4,500",,,
WR,Micheal Spurlock,1.3,1,NO@CHI,"$4,500",,,
TE,MarQueis Gray,1.5,10,GB@BUF,"$4,500",,,
TE,Dion Sims,3.5,11,MIA@NE,"$4,500",,,
TE,James Casey,1.5,13,DAL@PHI,"$4,500",,,
K,Robbie Goul,4.8,12,NO@CHI,"$4,500",,,
RB,James White,3.4,2,MIA@NE,"$4,500",,,
WR,Devin Hester,5.3,13,PIT@ATL,"$4,500",,,
TE,C.J. Fiedorowicz,0.2,12,HOU@IND,"$4,500",,,
WR,Cody Latime,0.2,6,DEN@SD,"$4,500",,,
WR,Jalen Saunders,-0.3,6,NO@CHI,"$4,500",,,
RB,Damien Williams,2,13,MIA@NE,"$4,500",,,
TE,Dante Rosario,1.1,13,NO@CHI,"$4,500",,,
TE,Brandon Pettigrew,1.1,11,MIN@DET,"$4,500",,,
WR,Ryan Lankford,0,0,HOU@IND,"$4,500",,,
D,New Orleans Saints,0,0,NO@CHI,"$4,500",,,
RB,Tyler Clutts,0,13,DAL@PHI,"$4,500",,,
WR,Josh Bellamy,0,1,NO@CHI,"$4,500",,,
WR,Jarrett Boykin,0.4,10,GB@BUF,"$4,500",,,
WR,LaRon Byrd,0,1,MIA@NE,"$4,500",,,
WR,Griff Whalen,0.1,10,HOU@IND,"$4,500",,,
WR,Nathan Palmer,0,0,DEN@SD,"$4,500",,,
WR,Chris Owusu,2.3,5,NYJ@TEN,"$4,500",,,
RB,Joe Banyard,1,12,MIN@DET,"$4,500",,,
WR,Saalim Hakim,0,13,NYJ@TEN,"$4,500",,,
RB,Edwin Baker,3.3,3,NO@CHI,"$4,500",,,
WR,Junior Hemingwa,1.5,11,OAK@KC,"$4,500",,,
TE,Gerell Robinson,0,1,MIA@NE,"$4,500",,,
TE,Chase Ford,4.9,8,MIN@DET,"$4,500",,,
TE,Bear Pascoe,0.5,13,PIT@ATL,"$4,500",,,
WR,Brian Tyms,1.4,8,MIA@NE,"$4,500",,,
WR,Chris Williams,0.7,7,NO@CHI,"$4,500",,,
RB,Jamize Olawale,0.2,13,OAK@KC,"$4,500",,,
WR,Courtney Roby,0.4,4,PIT@ATL,"$4,500",,,
WR,Kassim Osgood,0,12,SF@SEA,"$4,500",,,
WR,Greg Little,2.3,5,CIN@CLE,"$4,500",,,
WR,Rodney Smith,0,2,CIN@CLE,"$4,500",,,
TE,Matthew Mulligan,0,2,ARI@STL,"$4,500",,,
TE,Cooper Helfe,3.8,9,SF@SEA,"$4,500",,,
TE,Phillip Supernaw,0.8,6,JAC@BAL,"$4,500",,,
WR,Mike Brown,2.1,5,JAC@BAL,"$4,500",,,
RB,Will Ta'ufo'ou,0.7,13,JAC@BAL,"$4,500",,,
WR,I,6.3,3,OAK@KC,"$4,500",,,
WR,Deonte Thompson,0,0,GB@BUF,"$4,500",,,
WR,Danny Amendola,1.8,13,MIA@NE,"$4,500",,,
RB,Ka'Deem Carey,1.4,13,NO@CHI,"$4,500",,,
FPPG: Avg. fantasy points per game (by FanDuel scoring),,,,,,,,
"
",,,,,,,,
Indicator legend,,,,,,,,
"
",,,,,,,,
Your lineup,,,,,,,,
"
",,,,,,,,
,,,,,,,,
 Lineup locks @ this Thursday 8:25pm,,,,,,,,
"
",,,,,,,,
"$60,000",,,,,,,,
"
",,,,,,,,
Salary Remaining,,,,,,,,
"
",,,,,,,,
"$6,667",,,,,,,,
"
",,,,,,,,
Avg/Player,,,,,,,,
"
",,,,,,,,
		,,,,,,,,
" ",,,,,,,,
QB,,,,,,,,
ADD PLAYER,,,,,,,,
" ",,,,,,,,
" ",,,,,,,,
" ",,,,,,,,
"  ",,,,,,,,
" ",,,,,,,,
"
",,,,,,,,
		,,,,,,,,
" ",,,,,,,,
RB,,,,,,,,
ADD PLAYER,,,,,,,,
" ",,,,,,,,
" ",,,,,,,,
" ",,,,,,,,
"  ",,,,,,,,
" ",,,,,,,,
"
",,,,,,,,
		,,,,,,,,
" ",,,,,,,,
RB,,,,,,,,
ADD PLAYER,,,,,,,,
" ",,,,,,,,
" ",,,,,,,,
" ",,,,,,,,
"  ",,,,,,,,
" ",,,,,,,,
"
",,,,,,,,
		,,,,,,,,
" ",,,,,,,,
WR,,,,,,,,
ADD PLAYER,,,,,,,,
" ",,,,,,,,
" ",,,,,,,,
" ",,,,,,,,
"  ",,,,,,,,
" ",,,,,,,,
"
",,,,,,,,
		,,,,,,,,
" ",,,,,,,,
WR,,,,,,,,
ADD PLAYER,,,,,,,,
" ",,,,,,,,
" ",,,,,,,,
" ",,,,,,,,
"  ",,,,,,,,
" ",,,,,,,,
"
",,,,,,,,
		,,,,,,,,
" ",,,,,,,,
WR,,,,,,,,
ADD PLAYER,,,,,,,,
" ",,,,,,,,
" ",,,,,,,,
" ",,,,,,,,
"  ",,,,,,,,
" ",,,,,,,,
"
",,,,,,,,
		,,,,,,,,
" ",,,,,,,,
TE,,,,,,,,
ADD PLAYER,,,,,,,,
" ",,,,,,,,
" ",,,,,,,,
" ",,,,,,,,
"  ",,,,,,,,
" ",,,,,,,,
"
",,,,,,,,
		,,,,,,,,
" ",,,,,,,,
K,,,,,,,,
ADD PLAYER,,,,,,,,
" ",,,,,,,,
" ",,,,,,,,
" ",,,,,,,,
"  ",,,,,,,,
" ",,,,,,,,
"
",,,,,,,,
		,,,,,,,,
" ",,,,,,,,
D,,,,,,,,
ADD PLAYER,,,,,,,,
" ",,,,,,,,
" ",,,,,,,,
" ",,,,,,,,
"  ",,,,,,,,
" ",,,,,,,,
"
",,,,,,,,
␡,,,,,,,,
 Clear all,,,,,,,,
"
",,,,,,,,
"


",,,,,,,,
"Total entry fee: $5
",,,,,,,,
"Enter using 12,000 FDPs",,,,,,,,
"
",,,,,,,,
"
",,,,,,,,
		,,,,,,,,
ABOUT,,,,,,,,
 ,,,,,,,,
HOW IT WORKS,,,,,,,,
 ,,,,,,,,
PROMOS,,,,,,,,
 ,,,,,,,,
SUPPORT,,,,,,,,
 ,,,,,,,,
CAREERS,,,,,,,,
 ,,,,,,,,
AFFILIATES,,,,,,,,
 ,,,,,,,,
LEGAL,,,,,,,,
 ,,,,,,,,
FANDUEL INSIDER,,,,,,,,
 ,,,,,,,,
MOBILE SITE,,,,,,,,
"
",,,,,,,,
		,,,,,,,,
SUPPORT@FANDUEL.COM,,,,,,,,
"
",,,,,,,,
		,,,,,,,,
© 2009—2014 FanDuel Inc. All Rights Reserved ,,,,,,,,
Terms of Use,,,,,,,,
 ,,,,,,,,
Privacy Policy,,,,,,,,
 ,,,,,,,,
⚴,,,,,,,,
 ,,,,,,,,
⚵,,,,,,,,
"
",,,,,,,,
		,,,,,,,,
PayPal Visa Discover MasterCard ,,,,,,,,
STATS,,,,,,,,
 ,,,,,,,,
FSTA,,,,,,,,
 ,,,,,,,,
NBC Sports Official Partner,,,,,,,,
"
",,,,,,,,
"FanDuel, Inc. New York City",,,,,,,,
"
",,,,,,,,